,pclass,survived,sex,sibsp,parch,embarked,deck,companions,age cohort
0,1,1,female,0,0,Southampton,B,0,young adult
1,1,1,male,1,2,Southampton,C,3,toddler
2,1,0,female,1,2,Southampton,C,3,toddler
3,1,0,male,1,2,Southampton,C,3,young adult
4,1,0,female,1,2,Southampton,C,3,teenager
5,1,1,male,0,0,Southampton,E,0,adult
6,1,1,female,1,0,Southampton,D,1,senior
7,1,0,male,0,0,Southampton,A,0,adult
8,1,1,female,2,0,Southampton,C,2,adult
9,1,0,male,0,0,Cherbourg,C,0,senior
10,1,0,male,1,0,Cherbourg,C,1,adult
11,1,1,female,1,0,Cherbourg,C,1,teenager
12,1,1,female,0,0,Cherbourg,B,0,teenager
13,1,1,female,0,0,Southampton,C,0,young adult
14,1,1,male,0,0,Southampton,A,0,senior
15,1,0,male,0,0,Southampton,D,0,young adult
16,1,0,male,0,1,Cherbourg,B,1,teenager
17,1,1,female,0,1,Cherbourg,B,1,adult
18,1,1,female,0,0,Cherbourg,D,0,young adult
19,1,0,male,0,0,Cherbourg,C,0,adult
20,1,1,male,1,1,Southampton,D,2,adult
21,1,1,female,1,1,Southampton,D,2,adult
22,1,1,male,0,0,Cherbourg,C,0,young adult
23,1,1,female,0,0,Cherbourg,C,0,adult
24,1,1,female,0,0,Southampton,C,0,young adult
25,1,0,male,0,0,Cherbourg,F,0,teenager
26,1,1,male,1,0,Cherbourg,B,1,teenager
27,1,1,female,1,0,Cherbourg,B,1,teenager
28,1,1,female,0,0,Southampton,C,0,young adult
29,1,1,male,0,0,Southampton,C,0,young adult
30,1,0,male,0,0,Southampton,T,0,adult
31,1,1,male,0,0,Cherbourg,A,0,adult
32,1,1,female,0,0,Southampton,C,0,young adult
33,1,1,female,0,0,Southampton,C,0,adult
34,1,0,male,0,0,Southampton,D,0,adult
35,1,1,female,0,0,Cherbourg,B,0,adult
36,1,1,female,0,1,Southampton,E,1,teenager
37,1,1,male,0,0,Southampton,B,0,young adult
38,1,0,male,0,0,Southampton,A,0,adult
39,1,0,male,0,0,Cherbourg,B,0,adult
40,1,0,male,0,0,Cherbourg,A,0,young adult
41,1,1,female,0,0,Cherbourg,B,0,adult
42,1,1,female,2,0,Southampton,C,2,adult
43,1,1,female,0,0,Cherbourg,D,0,adult
44,1,1,female,0,0,Cherbourg,E,0,adult
45,1,0,male,0,0,Southampton,B,0,adult
46,1,0,male,0,0,Southampton,A,0,young adult
47,1,1,male,0,0,Southampton,E,0,adult
48,1,1,female,0,0,Cherbourg,D,0,adult
49,1,1,male,0,1,Cherbourg,B,1,adult
50,1,1,female,0,1,Cherbourg,B,1,adult
51,1,0,male,0,0,Southampton,B,0,young adult
52,1,0,male,0,0,Southampton,B,0,young adult
53,1,0,male,0,0,Southampton,B,0,teenager
54,1,1,male,1,2,Southampton,B,3,child
55,1,1,female,1,2,Southampton,B,3,child
56,1,1,male,1,2,Southampton,B,3,adult
57,1,1,female,1,2,Southampton,B,3,adult
58,1,0,male,0,0,Southampton,F,0,adult
59,1,1,female,0,0,Cherbourg,B,0,young adult
60,1,0,male,1,0,Southampton,C,1,adult
61,1,1,female,1,0,Southampton,C,1,senior
62,1,0,male,1,0,Southampton,E,1,adult
63,1,1,female,1,0,Southampton,E,1,adult
64,1,1,male,1,0,Southampton,E,1,young adult
65,1,1,female,1,0,Southampton,E,1,young adult
66,1,1,female,0,0,Cherbourg,B,0,adult
67,1,1,female,0,0,Southampton,B,0,young adult
68,1,1,male,0,0,Cherbourg,A,0,adult
69,1,1,female,0,1,Southampton,E,1,young adult
70,1,0,male,0,0,Southampton,B,0,young adult
71,1,0,male,1,0,Cherbourg,C,1,young adult
72,1,1,female,1,0,Cherbourg,C,1,young adult
73,1,1,female,0,0,Southampton,C,0,teenager
74,1,0,male,0,0,Southampton,A,0,young adult
75,1,0,male,0,0,Southampton,E,0,adult
76,1,1,female,1,1,Cherbourg,E,2,adult
77,1,0,male,1,1,Cherbourg,E,2,adult
78,1,1,female,0,2,Cherbourg,E,2,senior
79,1,1,female,2,0,Southampton,C,2,adult
80,1,0,male,0,0,Southampton,B,0,young adult
81,1,0,male,1,1,Southampton,B,2,senior
82,1,1,female,0,2,Southampton,B,2,adult
83,1,1,female,1,1,Southampton,B,2,senior
84,1,0,male,1,0,Cherbourg,C,1,adult
85,1,1,female,1,0,Cherbourg,C,1,adult
86,1,1,male,0,0,Southampton,E,0,adult
87,1,1,male,0,0,Southampton,C,0,young adult
88,1,1,female,0,0,Southampton,C,0,young adult
89,1,0,male,1,0,Southampton,B,1,young adult
90,1,1,female,1,2,Southampton,B,3,young adult
91,1,1,male,1,0,Southampton,B,1,young adult
92,1,1,female,1,0,Southampton,B,1,teenager
93,1,1,male,1,1,Southampton,A,2,adult
94,1,1,male,0,2,Southampton,A,2,toddler
95,1,1,female,1,1,Southampton,A,2,adult
96,1,0,male,1,0,Cherbourg,C,1,adult
97,1,1,female,1,1,Cherbourg,B,2,young adult
98,1,1,female,1,0,Cherbourg,C,1,adult
99,1,1,female,1,0,Cherbourg,A,1,adult
100,1,1,male,1,0,Cherbourg,A,1,adult
101,1,0,male,0,0,Cherbourg,A,0,adult
102,1,1,female,0,1,Cherbourg,C,1,teenager
103,1,1,female,0,0,Cherbourg,C,0,adult
104,1,1,female,1,0,Cherbourg,D,1,adult
105,1,0,female,0,0,Cherbourg,A,0,adult
106,1,0,male,0,0,Southampton,C,0,young adult
107,1,1,female,0,0,Southampton,A,0,young adult
108,1,1,female,0,0,Cherbourg,C,0,young adult
109,1,1,male,0,0,Southampton,E,0,adult
110,1,0,male,0,0,Cherbourg,C,0,young adult
111,1,1,female,3,2,Southampton,C,3,teenager
112,1,1,female,3,2,Southampton,C,3,young adult
113,1,1,female,3,2,Southampton,C,3,teenager
114,1,0,male,3,2,Southampton,C,3,teenager
115,1,0,male,1,4,Southampton,C,3,senior
116,1,1,female,1,4,Southampton,C,3,adult
117,1,1,female,0,0,Cherbourg,E,0,young adult
118,1,0,male,0,0,Southampton,D,0,young adult
119,1,1,male,2,0,Southampton,E,2,adult
120,1,1,male,1,0,Cherbourg,D,1,adult
121,1,1,female,1,0,Southampton,E,1,young adult
122,1,1,female,0,2,Cherbourg,B,2,teenager
123,1,1,male,1,1,Cherbourg,B,2,adult
124,1,1,female,1,1,Cherbourg,B,2,adult
125,1,0,male,0,0,Southampton,B,0,young adult
126,1,0,male,1,0,Southampton,C,1,adult
127,1,1,female,1,0,Southampton,C,1,young adult
128,1,0,male,0,0,Southampton,E,0,adult
129,1,1,female,0,0,Cherbourg,C,0,young adult
130,1,1,female,0,1,Cherbourg,C,1,teenager
131,1,1,female,0,1,Cherbourg,C,1,adult
132,1,0,male,0,0,Cherbourg,B,0,teenager
133,1,1,male,1,0,Cherbourg,C,1,adult
134,1,1,female,1,0,Cherbourg,C,1,young adult
135,1,0,male,0,0,Cherbourg,A,0,senior
136,1,1,male,0,0,Cherbourg,C,0,adult
137,1,1,female,0,0,Southampton,B,0,teenager
138,1,0,male,0,1,Southampton,C,1,adult
139,1,1,female,0,1,Southampton,C,1,adult
140,1,1,male,0,1,Cherbourg,D,1,teenager
141,1,1,female,0,1,Cherbourg,D,1,adult
142,1,0,male,0,0,Cherbourg,B,0,adult
143,1,1,male,1,0,Cherbourg,E,1,teenager
144,1,1,female,1,0,Cherbourg,E,1,teenager
145,1,1,male,1,0,Cherbourg,D,1,adult
146,1,1,female,1,0,Cherbourg,D,1,adult
147,1,0,male,0,0,Southampton,B,0,young adult
148,1,0,male,1,0,Southampton,C,1,adult
149,1,1,female,1,0,Southampton,C,1,young adult
150,1,0,male,0,0,Southampton,B,0,adult
151,1,1,male,0,0,Cherbourg,D,0,young adult
152,1,1,male,0,0,Southampton,D,0,young adult
153,1,1,female,0,0,Cherbourg,C,0,teenager
154,1,0,male,1,1,Southampton,B,2,adult
155,1,1,female,1,1,Southampton,B,2,adult
156,1,0,male,0,0,Southampton,B,0,adult
157,1,0,male,0,0,Southampton,E,0,young adult
158,1,0,male,0,0,Southampton,C,0,adult
159,1,1,female,0,1,Cherbourg,B,1,teenager
160,1,1,female,0,1,Cherbourg,B,1,adult
161,1,1,female,1,0,Southampton,D,1,adult
162,1,0,male,1,0,Southampton,C,1,adult
163,1,1,female,1,0,Southampton,C,1,young adult
164,1,1,male,0,0,Cherbourg,B,0,young adult
165,1,1,male,1,0,Southampton,C,1,adult
166,1,0,male,0,0,Cherbourg,A,0,young adult
167,1,1,female,1,0,Southampton,C,1,young adult
168,1,1,female,0,0,Southampton,B,0,adult
169,1,0,female,0,0,Cherbourg,C,0,adult
170,1,1,male,0,0,Southampton,B,0,adult
171,1,0,male,0,0,Southampton,F,0,adult
172,1,0,male,0,0,Southampton,E,0,adult
173,1,0,male,0,0,Cherbourg,C,0,young adult
174,1,0,male,0,0,Cherbourg,B,0,adult
175,1,0,male,1,0,Southampton,D,1,adult
176,1,1,female,1,0,Southampton,D,1,young adult
177,1,1,male,1,0,Southampton,D,1,adult
178,1,1,female,1,0,Southampton,D,1,adult
179,1,0,male,0,0,Southampton,C,0,young adult
180,1,1,female,0,0,Southampton,B,0,adult
181,1,1,female,0,0,Southampton,D,0,adult
182,1,1,female,0,0,Cherbourg,C,0,young adult
183,1,1,male,0,0,Cherbourg,B,0,young adult
184,1,0,male,0,0,Cherbourg,B,0,young adult
185,1,0,male,0,0,Southampton,B,0,adult
186,1,1,female,0,0,Cherbourg,B,0,adult
187,1,1,female,0,1,Southampton,D,1,teenager
188,1,1,female,0,1,Southampton,D,1,adult
189,1,0,male,0,0,Southampton,D,0,young adult
190,1,1,female,0,0,Southampton,D,0,teenager
191,1,0,male,0,0,Southampton,B,0,young adult
192,1,1,female,0,0,Cherbourg,B,0,adult
193,1,1,female,0,1,Southampton,B,1,teenager
194,1,0,male,0,0,Southampton,C,0,young adult
195,1,1,female,0,0,Southampton,B,0,teenager
196,1,1,male,0,0,Cherbourg,C,0,young adult
197,1,0,male,1,0,Southampton,D,1,teenager
198,1,1,female,1,0,Southampton,D,1,teenager
199,1,1,female,0,0,Cherbourg,C,0,teenager
200,1,0,male,0,0,Cherbourg,C,0,adult
201,1,0,male,0,0,Southampton,E,0,adult
202,1,1,male,0,0,Southampton,E,0,adult
203,1,0,male,1,0,Cherbourg,B,1,young adult
204,1,1,female,1,0,Cherbourg,B,1,young adult
205,1,0,male,0,0,Southampton,E,0,senior
206,1,0,male,2,0,Queenstown,C,2,adult
207,1,1,female,1,0,Queenstown,C,1,young adult
208,1,1,female,1,0,Queenstown,C,1,adult
209,1,1,male,1,0,Cherbourg,C,1,young adult
210,1,0,male,0,0,Southampton,C,0,adult
211,1,0,male,0,0,Southampton,B,0,adult
212,1,0,male,0,1,Cherbourg,C,1,adult
213,1,1,female,1,0,Cherbourg,D,1,young adult
214,1,1,female,1,0,Cherbourg,D,1,teenager
215,1,0,male,0,2,Cherbourg,D,2,adult
216,1,1,female,0,2,Southampton,D,2,teenager
217,1,0,male,0,0,Southampton,F,0,senior
218,1,1,female,0,0,Cherbourg,C,0,adult
219,1,1,male,0,0,Cherbourg,C,0,young adult
220,1,1,female,0,1,Cherbourg,B,1,teenager
221,1,0,male,0,1,Cherbourg,B,1,senior
222,1,0,male,0,0,Cherbourg,D,0,young adult
223,1,0,male,0,0,Southampton,B,0,young adult
224,1,0,male,0,0,Southampton,C,0,adult
225,1,0,male,0,0,Southampton,B,0,teenager
226,1,0,male,1,0,Southampton,C,1,young adult
227,1,1,female,1,0,Southampton,C,1,teenager
228,1,0,male,1,0,Cherbourg,C,1,teenager
229,1,1,female,1,0,Cherbourg,C,1,teenager
230,1,1,female,0,0,Southampton,B,0,young adult
231,1,1,male,0,0,Southampton,C,0,adult
232,1,0,male,0,0,Southampton,C,0,adult
233,1,1,female,0,1,Cherbourg,C,1,adult
234,1,0,male,0,0,Southampton,B,0,adult
235,1,1,male,0,0,Southampton,A,0,young adult
236,1,0,male,0,0,Cherbourg,C,0,teenager
237,1,0,male,0,0,Cherbourg,C,0,young adult
238,1,1,female,0,1,Southampton,B,1,adult
239,1,0,male,0,0,Southampton,A,0,young adult
240,1,1,male,0,0,Southampton,B,0,adult
241,1,0,male,0,0,Southampton,A,0,young adult
242,1,1,female,0,0,Cherbourg,A,0,young adult
243,1,0,male,0,0,Cherbourg,B,0,adult
244,1,0,male,0,0,Cherbourg,A,0,adult
245,1,1,female,0,0,Southampton,B,0,young adult
246,1,0,male,1,0,Cherbourg,C,1,adult
247,1,1,female,1,0,Cherbourg,C,1,adult
248,1,0,male,0,0,Southampton,B,0,young adult
249,1,1,male,2,2,Cherbourg,B,3,child
250,1,1,female,2,2,Cherbourg,B,3,teenager
251,1,1,female,2,2,Cherbourg,B,3,teenager
252,1,0,male,1,3,Cherbourg,B,3,senior
253,1,1,female,1,3,Cherbourg,B,3,adult
254,1,1,male,0,0,Southampton,C,0,young adult
255,1,1,female,0,0,Cherbourg,B,0,teenager
256,1,1,male,0,0,Southampton,F,0,young adult
257,1,1,female,1,0,Cherbourg,C,1,young adult
258,1,1,female,0,0,Cherbourg,A,0,young adult
259,1,1,male,0,0,Southampton,B,0,young adult
260,1,1,female,0,0,Southampton,C,0,adult
261,1,1,male,0,0,Southampton,E,0,young adult
262,1,0,male,1,0,Southampton,E,1,adult
263,1,1,female,1,0,Southampton,E,1,adult
264,1,1,male,0,0,Cherbourg,A,0,adult
265,1,1,male,0,0,Southampton,A,0,young adult
266,1,0,male,0,0,Southampton,B,0,adult
267,1,0,male,0,0,Cherbourg,A,0,adult
268,1,0,male,1,0,Southampton,C,1,teenager
269,1,0,male,0,0,Southampton,A,0,young adult
270,1,1,female,1,0,Southampton,C,1,teenager
271,1,1,male,1,0,Southampton,B,1,teenager
272,1,1,female,1,0,Southampton,B,1,teenager
273,1,1,male,0,2,Cherbourg,E,2,child
274,1,1,male,1,1,Cherbourg,E,2,adult
275,1,1,female,1,1,Cherbourg,E,2,adult
276,1,0,male,1,0,Cherbourg,B,1,adult
277,1,1,female,1,0,Cherbourg,B,1,young adult
278,1,1,male,0,0,Cherbourg,B,0,young adult
279,1,0,male,0,0,Southampton,C,0,senior
280,1,1,male,1,0,Cherbourg,C,1,adult
281,1,1,female,1,0,Cherbourg,C,1,adult
282,1,1,female,1,0,Cherbourg,D,1,adult
283,1,0,male,0,0,Cherbourg,B,0,young adult
284,1,1,female,0,0,Southampton,B,0,senior
285,1,0,male,1,0,Southampton,C,1,senior
286,1,0,female,1,0,Southampton,C,1,senior
287,1,0,male,0,0,Southampton,D,0,senior
288,1,1,female,0,0,Southampton,D,0,adult
289,1,1,female,0,2,Southampton,E,2,teenager
290,1,0,male,1,1,Southampton,E,2,adult
291,1,1,female,1,1,Southampton,E,2,adult
292,1,1,male,1,0,Southampton,C,1,adult
293,1,1,female,1,0,Southampton,C,1,young adult
294,1,0,male,1,1,Cherbourg,C,2,adult
295,1,1,male,0,2,Cherbourg,C,2,teenager
296,1,1,female,1,1,Cherbourg,C,2,adult
297,1,1,female,0,0,Cherbourg,B,0,young adult
298,1,1,male,0,0,Cherbourg,C,0,young adult
299,1,0,male,0,0,Cherbourg,B,0,adult
300,1,0,male,0,0,Southampton,B,0,senior
301,1,0,male,0,0,Southampton,D,0,adult
302,1,1,female,0,0,Cherbourg,B,0,young adult
303,1,0,male,1,0,Cherbourg,D,1,senior
304,1,1,female,1,0,Cherbourg,D,1,adult
305,1,0,male,0,0,Southampton,B,0,adult
306,1,0,male,0,1,Southampton,D,1,adult
307,1,0,male,0,1,Southampton,D,1,teenager
308,1,1,female,0,0,Cherbourg,C,0,adult
309,1,1,female,0,2,Southampton,C,2,young adult
310,1,0,male,1,1,Southampton,C,2,adult
311,1,1,female,1,1,Southampton,C,2,adult
312,1,0,male,1,1,Cherbourg,C,2,adult
313,1,0,male,0,2,Cherbourg,C,2,young adult
314,1,1,female,1,1,Cherbourg,C,2,adult
315,1,1,female,0,0,Southampton,B,0,teenager
316,1,0,male,0,1,Cherbourg,E,1,adult
317,1,1,male,0,1,Cherbourg,E,1,teenager
318,1,0,male,0,0,Southampton,C,0,young adult
319,1,1,female,0,0,Cherbourg,E,0,young adult
320,1,1,male,0,0,Southampton,C,0,young adult
321,1,0,male,0,0,Southampton,B,0,senior
322,1,1,female,0,0,Cherbourg,C,0,adult
323,2,0,male,1,0,Cherbourg,E,1,young adult
324,2,1,female,1,0,Cherbourg,E,1,young adult
325,2,0,male,0,0,Southampton,E,0,young adult
326,2,0,male,0,0,Southampton,E,0,teenager
327,2,0,male,0,0,Southampton,E,0,teenager
328,2,0,male,1,0,Southampton,F,1,young adult
329,2,1,female,1,0,Southampton,F,1,adult
330,2,0,male,0,0,Southampton,E,0,adult
331,2,0,male,0,0,Southampton,E,0,teenager
332,2,0,male,0,0,Southampton,E,0,teenager
333,2,1,female,0,0,Southampton,D,0,adult
334,2,0,male,0,0,Southampton,E,0,young adult
335,2,0,male,0,0,Southampton,E,0,adult
336,2,1,male,1,0,Southampton,F,1,young adult
337,2,1,female,1,0,Southampton,F,1,teenager
338,2,0,male,0,0,Southampton,F,0,young adult
339,2,1,male,2,1,Southampton,F,3,toddler
340,2,1,female,2,1,Southampton,F,3,toddler
341,2,1,female,2,1,Southampton,F,3,child
342,2,1,female,0,3,Southampton,F,3,adult
343,2,1,male,0,0,Southampton,D,0,young adult
344,2,1,female,0,0,Southampton,E,0,teenager
345,2,0,male,0,0,Southampton,E,0,teenager
346,2,0,male,0,0,Southampton,E,0,young adult
347,2,0,male,0,0,Southampton,E,0,adult
348,2,0,male,0,0,Southampton,E,0,young adult
349,2,1,female,0,0,Southampton,F,0,teenager
350,2,1,female,0,2,Southampton,F,2,teenager
351,2,0,male,1,1,Southampton,F,2,adult
352,2,1,female,1,1,Southampton,F,2,adult
353,2,1,female,1,0,Southampton,F,1,teenager
354,2,0,male,1,0,Southampton,F,1,teenager
355,2,1,female,0,0,Southampton,E,0,adult
356,2,0,male,0,0,Southampton,E,0,teenager
357,2,0,male,0,0,Southampton,E,0,adult
358,2,1,female,0,0,Southampton,E,0,adult
359,2,1,male,0,2,Southampton,C,2,toddler
360,2,1,male,1,1,Southampton,C,2,young adult
361,2,1,female,1,1,Southampton,C,2,teenager
362,2,1,female,0,0,Southampton,F,0,young adult
363,2,0,male,0,0,Southampton,B,0,young adult
364,2,0,male,0,0,Southampton,E,0,teenager
365,2,0,female,1,0,Southampton,F,1,adult
366,2,0,male,1,0,Southampton,F,1,adult
367,2,0,male,0,0,Southampton,D,0,adult
368,2,0,male,1,0,Southampton,F,1,adult
369,2,0,female,1,0,Southampton,F,1,young adult
370,2,1,female,1,1,Southampton,D,2,teenager
371,2,1,female,0,2,Southampton,D,2,adult
372,2,0,male,1,0,Southampton,F,1,young adult
373,2,1,female,1,0,Southampton,F,1,young adult
374,2,0,male,0,0,Southampton,E,0,young adult
375,2,0,male,0,0,Southampton,E,0,young adult
376,2,1,male,0,0,Southampton,E,0,teenager
377,2,1,female,0,2,Southampton,D,2,child
378,2,0,male,1,1,Southampton,D,2,young adult
379,2,1,female,1,1,Southampton,D,2,young adult
380,2,1,female,0,0,Southampton,F,0,teenager
381,2,0,female,0,0,Southampton,E,0,young adult
382,2,0,female,0,0,Southampton,F,0,young adult
383,2,0,male,0,0,Southampton,E,0,teenager
384,2,0,male,0,0,Southampton,B,0,young adult
385,2,1,male,1,1,Southampton,C,2,child
386,2,0,male,0,0,Southampton,C,0,teenager
387,2,1,female,0,2,Southampton,C,2,adult
388,2,1,female,0,0,Southampton,E,0,young adult
389,2,0,male,0,0,Southampton,E,0,young adult
390,2,0,male,0,0,Southampton,C,0,teenager
391,2,0,male,1,0,Cherbourg,B,1,young adult
392,2,1,female,1,0,Cherbourg,B,1,teenager
393,2,0,male,0,0,Southampton,A,0,teenager
394,2,0,male,0,0,Southampton,C,0,teenager
395,2,1,female,0,1,Southampton,F,1,teenager
396,2,1,female,0,1,Southampton,F,1,young adult
397,2,0,male,0,0,Southampton,F,0,adult
398,2,1,male,0,2,Southampton,D,2,child
399,2,0,male,1,1,Southampton,D,2,adult
400,2,1,female,1,1,Southampton,D,2,young adult
401,2,1,female,1,0,Cherbourg,D,1,young adult
402,2,1,female,1,0,Cherbourg,D,1,young adult
403,2,0,male,0,0,Southampton,E,0,teenager
404,2,0,male,0,0,Southampton,E,0,teenager
405,2,0,male,0,0,Southampton,E,0,teenager
406,2,0,male,1,0,Southampton,F,1,adult
407,2,1,female,1,0,Southampton,F,1,young adult
408,2,0,male,0,0,Southampton,E,0,teenager
409,2,0,male,0,0,Southampton,E,0,adult
410,2,0,male,0,0,Southampton,B,0,young adult
411,2,0,female,0,0,Southampton,E,0,adult
412,2,0,male,0,0,Southampton,F,0,young adult
413,2,0,male,1,0,Southampton,F,1,adult
414,2,0,male,1,0,Southampton,F,1,young adult
415,2,1,female,0,0,Southampton,E,0,young adult
416,2,0,male,0,0,Southampton,F,0,teenager
417,2,0,male,0,0,Southampton,E,0,young adult
418,2,0,male,0,0,Southampton,E,0,adult
419,2,0,male,1,0,Southampton,E,1,teenager
420,2,0,male,1,0,Southampton,E,1,teenager
421,2,0,male,0,0,Southampton,D,0,teenager
422,2,0,male,0,0,Southampton,E,0,teenager
423,2,0,male,0,0,Southampton,E,0,young adult
424,2,0,male,0,0,Southampton,E,0,young adult
425,2,0,male,0,0,Southampton,E,0,adult
426,2,0,male,0,0,Southampton,E,0,young adult
427,2,1,male,1,1,Southampton,D,2,toddler
428,2,1,female,0,2,Southampton,D,2,teenager
429,2,0,male,0,0,Southampton,E,0,adult
430,2,1,female,0,1,Southampton,B,1,child
431,2,0,male,0,1,Southampton,B,1,young adult
432,2,1,male,0,0,Southampton,E,0,senior
433,2,0,male,0,0,Southampton,E,0,young adult
434,2,1,female,0,2,Southampton,D,2,child
435,2,0,male,1,1,Southampton,D,2,adult
436,2,1,female,1,1,Southampton,D,2,adult
437,2,1,female,1,2,Southampton,C,3,teenager
438,2,1,female,1,2,Southampton,C,3,teenager
439,2,0,male,1,2,Southampton,C,3,adult
440,2,1,female,1,2,Southampton,C,3,adult
441,2,1,female,0,0,Southampton,G,0,adult
442,2,0,male,2,0,Southampton,C,2,teenager
443,2,0,male,2,0,Southampton,C,2,young adult
444,2,0,male,2,0,Southampton,C,2,teenager
445,2,0,female,1,1,Southampton,E,2,teenager
446,2,1,female,2,1,Southampton,F,3,teenager
447,2,0,male,2,1,Southampton,E,3,teenager
448,2,0,male,0,0,Southampton,E,0,adult
449,2,1,female,1,3,Southampton,F,3,adult
450,2,0,male,0,0,Southampton,E,0,adult
451,2,0,male,1,0,Southampton,F,1,adult
452,2,1,female,1,0,Southampton,F,1,young adult
453,2,0,male,0,0,Southampton,C,0,teenager
454,2,1,male,0,0,Southampton,E,0,adult
455,2,0,male,1,0,Southampton,F,1,senior
456,2,0,female,1,0,Southampton,F,1,adult
457,2,0,male,0,0,Southampton,E,0,young adult
458,2,1,female,0,0,Southampton,E,0,teenager
459,2,0,male,1,0,Southampton,B,1,adult
460,2,1,female,2,1,Southampton,B,3,teenager
461,2,0,male,0,0,Southampton,D,0,adult
462,2,0,male,2,0,Southampton,A,2,teenager
463,2,0,male,2,0,Southampton,A,2,teenager
464,2,0,male,0,0,Southampton,E,0,young adult
465,2,1,female,0,0,Cherbourg,D,0,teenager
466,2,0,male,1,0,Southampton,F,1,young adult
467,2,1,female,1,0,Southampton,F,1,teenager
468,2,0,female,0,0,Southampton,F,0,teenager
469,2,1,female,0,0,Queenstown,E,0,young adult
470,2,0,male,0,0,Queenstown,E,0,young adult
471,2,1,female,0,0,Southampton,D,0,adult
472,2,0,male,0,0,Queenstown,E,0,adult
473,2,0,male,0,0,Southampton,B,0,young adult
474,2,0,male,0,0,Southampton,E,0,young adult
475,2,0,female,1,1,Southampton,F,2,young adult
476,2,0,male,1,1,Southampton,F,2,young adult
477,2,0,male,0,0,Queenstown,E,0,young adult
478,2,1,female,1,2,Cherbourg,B,3,toddler
479,2,1,female,1,2,Cherbourg,B,3,toddler
480,2,0,male,1,2,Cherbourg,B,3,teenager
481,2,1,female,1,2,Cherbourg,B,3,teenager
482,2,1,female,0,0,Cherbourg,E,0,teenager
483,2,1,female,0,0,Southampton,B,0,young adult
484,2,1,female,0,0,Southampton,F,0,young adult
485,2,0,male,0,0,Cherbourg,D,0,adult
486,2,0,male,0,0,Southampton,E,0,teenager
487,2,0,male,0,0,Queenstown,E,0,senior
488,2,0,male,1,0,Southampton,F,1,adult
489,2,1,female,1,0,Southampton,F,1,adult
490,2,0,female,0,0,Southampton,E,0,adult
491,2,0,male,0,0,Cherbourg,D,0,young adult
492,2,1,male,0,2,Cherbourg,E,2,toddler
493,2,0,male,1,1,Cherbourg,E,2,young adult
494,2,1,female,1,1,Cherbourg,E,2,teenager
495,2,0,male,0,0,Cherbourg,D,0,young adult
496,2,0,male,0,0,Southampton,E,0,young adult
497,2,0,male,0,0,Southampton,G,0,adult
498,2,0,male,0,0,Southampton,D,0,young adult
499,2,0,male,0,0,Southampton,E,0,young adult
500,2,0,male,0,0,Southampton,F,0,adult
501,2,1,female,0,1,Southampton,G,1,child
502,2,1,female,0,1,Southampton,G,1,adult
503,2,1,male,0,0,Southampton,E,0,teenager
504,2,0,male,0,0,Southampton,E,0,adult
505,2,0,male,0,0,Southampton,E,0,adult
506,2,0,male,0,0,Southampton,E,0,senior
507,2,0,male,0,0,Southampton,E,0,young adult
508,2,0,male,0,0,Southampton,D,0,adult
509,2,0,male,0,0,Southampton,F,0,adult
510,2,0,male,0,0,Southampton,E,0,teenager
511,2,0,male,0,0,Queenstown,G,0,senior
512,2,0,male,1,0,Cherbourg,D,1,young adult
513,2,1,female,1,0,Cherbourg,D,1,child
514,2,1,male,1,1,Southampton,F,2,toddler
515,2,1,male,1,1,Southampton,F,2,toddler
516,2,0,male,0,2,Southampton,F,2,adult
517,2,0,male,0,0,Southampton,F,0,young adult
518,2,0,male,1,1,Southampton,C,2,teenager
519,2,0,male,0,0,Southampton,D,0,young adult
520,2,1,male,0,0,Cherbourg,D,0,teenager
521,2,1,female,0,0,Southampton,F,0,young adult
522,2,0,male,0,0,Southampton,E,0,adult
523,2,1,male,0,0,Southampton,E,0,teenager
524,2,1,male,0,0,Cherbourg,D,0,young adult
525,2,0,male,0,0,Southampton,E,0,teenager
526,2,1,male,0,0,Cherbourg,D,0,young adult
527,2,0,male,0,0,Southampton,E,0,young adult
528,2,0,male,0,0,Southampton,B,0,young adult
529,2,1,female,0,1,Southampton,F,1,adult
530,2,0,male,0,0,Southampton,E,0,teenager
531,2,0,male,0,0,Cherbourg,D,0,young adult
532,2,0,male,0,0,Southampton,E,0,adult
533,2,1,female,0,1,Southampton,F,1,teenager
534,2,1,female,0,0,Southampton,F,0,teenager
535,2,0,male,0,1,Southampton,F,1,adult
536,2,1,female,0,0,Southampton,E,0,young adult
537,2,0,male,0,0,Southampton,E,0,young adult
538,2,1,male,0,0,Cherbourg,D,0,young adult
539,2,0,male,0,0,Cherbourg,D,0,young adult
540,2,1,female,1,1,Southampton,F,2,toddler
541,2,1,female,1,1,Southampton,F,2,child
542,2,1,female,0,2,Southampton,F,2,young adult
543,2,0,male,0,0,Southampton,E,0,adult
544,2,0,male,1,0,Southampton,F,1,young adult
545,2,1,female,3,0,Southampton,F,3,young adult
546,2,1,female,0,0,Southampton,E,0,young adult
547,2,0,male,0,0,Cherbourg,D,0,teenager
548,2,1,male,1,1,Southampton,G,2,toddler
549,2,1,male,1,1,Southampton,G,2,toddler
550,2,1,female,2,3,Southampton,G,3,teenager
551,2,1,female,0,0,Southampton,E,0,adult
552,2,0,male,0,0,Southampton,E,0,teenager
553,2,1,female,0,0,Southampton,E,0,teenager
554,2,0,male,0,0,Southampton,E,0,young adult
555,2,0,male,0,0,Southampton,E,0,teenager
556,2,0,male,0,0,Southampton,F,0,young adult
557,2,1,female,0,1,Southampton,F,1,teenager
558,2,1,female,0,2,Southampton,E,2,teenager
559,2,1,female,0,0,Southampton,C,0,teenager
560,2,1,female,0,0,Southampton,E,0,young adult
561,2,0,male,0,0,Southampton,D,0,adult
562,2,1,female,0,0,Queenstown,E,0,young adult
563,2,0,male,0,0,Southampton,E,0,young adult
564,2,1,female,0,0,Southampton,E,0,adult
565,2,0,male,0,0,Southampton,E,0,teenager
566,2,0,male,0,0,Cherbourg,D,0,adult
567,2,0,male,0,0,Southampton,E,0,teenager
568,2,0,male,0,0,Southampton,F,0,teenager
569,2,0,male,0,0,Southampton,C,0,child
570,2,1,female,0,0,Southampton,E,0,adult
571,2,0,male,0,0,Southampton,E,0,teenager
572,2,1,female,0,0,Southampton,E,0,young adult
573,2,1,female,0,0,Southampton,E,0,young adult
574,2,0,male,1,0,Southampton,F,1,young adult
575,2,0,female,1,0,Southampton,F,1,young adult
576,2,0,male,0,0,Southampton,E,0,adult
577,2,1,female,0,0,Southampton,F,0,young adult
578,2,0,male,1,0,Southampton,F,1,young adult
579,2,0,male,1,0,Southampton,E,1,teenager
580,2,1,female,0,0,Southampton,F,0,young adult
581,2,0,male,0,0,Southampton,B,0,young adult
582,2,1,female,0,0,Southampton,D,0,child
583,2,1,female,0,0,Southampton,D,0,adult
584,2,1,female,0,0,Southampton,E,0,young adult
585,2,0,male,1,0,Southampton,F,1,young adult
586,2,1,female,1,0,Southampton,F,1,young adult
587,2,1,male,1,1,Southampton,F,2,toddler
588,2,1,female,1,1,Southampton,F,2,toddler
589,2,1,female,0,2,Southampton,F,2,young adult
590,2,1,female,1,2,Southampton,C,3,toddler
591,2,1,female,1,2,Southampton,C,3,toddler
592,2,0,male,1,2,Southampton,C,3,adult
593,2,1,female,1,2,Southampton,C,3,young adult
594,2,0,male,0,0,Southampton,E,0,senior
595,2,0,male,0,0,Southampton,D,0,young adult
596,2,1,male,0,0,Southampton,E,0,young adult
597,2,1,male,0,0,Southampton,E,0,young adult
598,2,1,female,0,0,Southampton,D,0,young adult
599,2,0,female,0,0,Southampton,E,0,teenager
600,3,0,male,0,0,Southampton,F,0,adult
601,3,0,male,0,2,Southampton,F,2,child
602,3,0,male,1,1,Southampton,F,2,teenager
603,3,1,female,1,1,Southampton,F,2,young adult
604,3,1,female,0,0,Southampton,F,0,teenager
605,3,1,male,0,0,Southampton,F,0,teenager
606,3,1,male,0,0,Southampton,E,0,teenager
607,3,1,female,0,0,Cherbourg,F,0,teenager
608,3,0,male,0,0,Southampton,F,0,young adult
609,3,0,male,0,0,Southampton,E,0,young adult
610,3,0,female,1,0,Southampton,G,1,adult
611,3,1,male,0,1,Southampton,G,1,toddler
612,3,1,female,0,1,Southampton,G,1,teenager
613,3,1,male,0,0,Cherbourg,G,0,young adult
614,3,0,male,0,0,Southampton,F,0,young adult
615,3,0,male,0,0,Southampton,E,0,teenager
616,3,0,male,0,0,Southampton,F,0,teenager
617,3,0,male,0,0,Southampton,F,0,teenager
618,3,0,male,0,0,Southampton,E,0,young adult
619,3,0,male,0,0,Southampton,E,0,teenager
620,3,0,male,0,0,Southampton,F,0,young adult
621,3,1,female,1,0,Southampton,F,1,teenager
622,3,0,male,4,2,Southampton,A,3,toddler
623,3,0,female,4,2,Southampton,A,3,child
624,3,0,female,4,2,Southampton,A,3,toddler
625,3,1,female,4,2,Southampton,E,3,teenager
626,3,0,female,4,2,Southampton,F,3,adult
627,3,0,female,4,2,Southampton,A,3,child
628,3,0,female,4,2,Southampton,A,3,child
629,3,0,male,1,5,Southampton,A,3,adult
630,3,1,male,0,0,Southampton,F,0,young adult
631,3,0,male,0,0,Southampton,F,0,young adult
632,3,0,female,1,5,Southampton,A,3,adult
633,3,0,male,0,0,Southampton,F,0,teenager
634,3,0,male,0,0,Southampton,F,0,young adult
635,3,0,male,1,0,Southampton,G,1,teenager
636,3,0,female,1,0,Southampton,G,1,teenager
637,3,0,male,0,0,Southampton,F,0,teenager
638,3,0,male,0,0,Southampton,F,0,young adult
639,3,0,male,4,2,Southampton,A,3,toddler
640,3,0,male,4,2,Southampton,A,3,child
641,3,1,male,4,2,Southampton,A,3,toddler
642,3,0,male,4,2,Southampton,A,3,child
643,3,1,female,4,2,Southampton,A,3,toddler
644,3,0,male,1,5,Southampton,A,3,adult
645,3,1,male,0,0,Southampton,F,0,teenager
646,3,1,female,1,5,Southampton,A,3,adult
647,3,1,female,0,0,Cherbourg,F,0,adult
648,3,0,male,0,0,Cherbourg,F,0,teenager
649,3,0,male,0,0,Southampton,F,0,teenager
650,3,0,female,0,0,Cherbourg,D,0,teenager
651,3,0,male,0,0,Cherbourg,F,0,young adult
652,3,0,male,0,0,Southampton,F,0,teenager
653,3,1,female,0,0,Cherbourg,F,0,child
654,3,0,male,0,0,Cherbourg,F,0,teenager
655,3,0,male,1,0,Southampton,D,1,young adult
656,3,1,female,3,0,Southampton,D,3,young adult
657,3,1,female,2,1,Cherbourg,G,3,toddler
658,3,1,female,2,1,Cherbourg,G,3,toddler
659,3,1,female,2,1,Cherbourg,G,3,toddler
660,3,1,female,0,3,Cherbourg,G,3,teenager
661,3,1,female,0,0,Southampton,E,0,teenager
662,3,0,male,0,0,Cherbourg,F,0,adult
663,3,0,male,0,0,Southampton,F,0,young adult
664,3,1,male,0,0,Cherbourg,F,0,teenager
665,3,0,female,0,1,Cherbourg,D,1,teenager
666,3,0,female,0,1,Cherbourg,D,1,adult
667,3,0,female,0,0,Queenstown,F,0,young adult
668,3,0,male,0,0,Southampton,E,0,teenager
669,3,0,male,0,0,Southampton,E,0,teenager
670,3,0,male,0,0,Southampton,F,0,young adult
671,3,0,male,0,0,Southampton,G,0,teenager
672,3,0,male,0,0,Cherbourg,F,0,young adult
673,3,0,male,0,0,Cherbourg,B,0,teenager
674,3,1,male,0,0,Southampton,A,0,young adult
675,3,0,male,0,0,Southampton,F,0,teenager
676,3,0,male,0,0,Southampton,F,0,teenager
677,3,0,male,0,0,Southampton,F,0,young adult
678,3,0,male,1,1,Cherbourg,D,2,child
679,3,0,female,1,1,Cherbourg,D,2,child
680,3,0,male,0,0,Cherbourg,F,0,young adult
681,3,0,female,0,2,Cherbourg,D,2,young adult
682,3,0,female,0,2,Queenstown,F,2,young adult
683,3,0,male,1,1,Queenstown,D,2,adult
684,3,0,female,1,1,Queenstown,D,2,young adult
685,3,0,male,0,0,Southampton,G,0,teenager
686,3,1,female,0,0,Queenstown,F,0,teenager
687,3,0,female,0,0,Southampton,F,0,teenager
688,3,0,male,1,0,Southampton,F,1,young adult
689,3,0,male,1,0,Southampton,F,1,teenager
690,3,0,male,0,0,Southampton,F,0,teenager
691,3,0,male,0,0,Southampton,E,0,young adult
692,3,0,female,0,0,Queenstown,F,0,teenager
693,3,1,male,0,0,Queenstown,F,0,teenager
694,3,0,male,0,0,Queenstown,F,0,teenager
695,3,0,female,0,0,Queenstown,F,0,teenager
696,3,0,female,0,0,Southampton,E,0,teenager
697,3,0,female,0,0,Southampton,E,0,young adult
698,3,0,male,0,0,Southampton,E,0,teenager
699,3,0,male,0,0,Southampton,E,0,adult
700,3,0,male,0,0,Southampton,E,0,teenager
701,3,0,male,0,0,Southampton,E,0,teenager
702,3,0,female,0,0,Queenstown,F,0,teenager
703,3,0,male,0,0,Queenstown,F,0,teenager
704,3,0,male,0,0,Southampton,E,0,teenager
705,3,0,male,1,0,Cherbourg,D,1,young adult
706,3,0,female,1,0,Cherbourg,D,1,young adult
707,3,0,male,0,0,Southampton,F,0,young adult
708,3,0,male,0,0,Southampton,F,0,teenager
709,3,1,female,0,0,Queenstown,F,0,teenager
710,3,0,female,0,0,Queenstown,F,0,adult
711,3,0,male,0,0,Southampton,F,0,young adult
712,3,0,male,0,0,Southampton,E,0,teenager
713,3,0,male,0,0,Queenstown,F,0,teenager
714,3,1,male,0,0,Southampton,A,0,young adult
715,3,0,male,0,0,Southampton,E,0,young adult
716,3,0,male,1,0,Cherbourg,D,1,young adult
717,3,0,male,1,0,Cherbourg,D,1,teenager
718,3,0,male,0,0,Southampton,F,0,teenager
719,3,1,male,0,0,Southampton,E,0,teenager
720,3,0,male,0,0,Queenstown,F,0,teenager
721,3,0,male,0,0,Southampton,F,0,adult
722,3,0,male,0,0,Southampton,F,0,teenager
723,3,0,male,0,0,Queenstown,F,0,young adult
724,3,0,male,0,0,Queenstown,F,0,young adult
725,3,1,female,0,0,Queenstown,F,0,teenager
726,3,0,female,0,0,Queenstown,F,0,young adult
727,3,0,male,0,0,Queenstown,F,0,senior
728,3,0,male,0,0,Southampton,E,0,adult
729,3,0,male,0,0,Southampton,F,0,young adult
730,3,0,male,0,0,Southampton,F,0,young adult
731,3,0,male,0,0,Southampton,F,0,teenager
732,3,0,male,0,0,Southampton,E,0,young adult
733,3,1,male,1,1,Southampton,G,2,child
734,3,1,male,1,1,Southampton,G,2,toddler
735,3,1,female,0,2,Southampton,G,2,adult
736,3,0,male,0,0,Southampton,F,0,adult
737,3,0,male,0,0,Southampton,E,0,teenager
738,3,1,female,0,1,Southampton,G,1,teenager
739,3,0,male,0,1,Southampton,G,1,adult
740,3,0,male,0,0,Southampton,E,0,teenager
741,3,0,male,0,0,Cherbourg,F,0,teenager
742,3,1,male,0,0,Southampton,E,0,adult
743,3,0,female,0,0,Southampton,E,0,teenager
744,3,0,male,0,0,Southampton,G,0,teenager
745,3,1,female,0,0,Queenstown,F,0,young adult
746,3,1,male,0,0,Queenstown,F,0,young adult
747,3,0,male,0,2,Southampton,D,2,toddler
748,3,0,male,1,1,Southampton,D,2,young adult
749,3,0,female,1,1,Southampton,D,2,young adult
750,3,0,male,0,0,Southampton,F,0,young adult
751,3,0,male,0,0,Southampton,F,0,teenager
752,3,0,male,2,0,Southampton,E,2,teenager
753,3,0,male,0,0,Southampton,E,0,teenager
754,3,0,male,2,0,Southampton,E,2,teenager
755,3,0,male,2,0,Southampton,E,2,teenager
756,3,0,male,1,0,Southampton,G,1,young adult
757,3,1,female,1,0,Southampton,G,1,young adult
758,3,1,male,1,0,Southampton,G,1,adult
759,3,1,female,1,0,Southampton,G,1,adult
760,3,1,male,0,0,Southampton,G,0,young adult
761,3,0,male,0,0,Southampton,G,0,teenager
762,3,1,male,1,2,Southampton,F,3,toddler
763,3,1,female,1,2,Southampton,F,3,toddler
764,3,0,male,1,2,Southampton,F,3,young adult
765,3,1,female,1,2,Southampton,F,3,young adult
766,3,0,male,0,0,Southampton,F,0,teenager
767,3,0,male,0,0,Southampton,F,0,young adult
768,3,0,male,0,0,Southampton,F,0,young adult
769,3,0,male,0,0,Southampton,F,0,teenager
770,3,0,male,0,0,Southampton,F,0,adult
771,3,1,female,0,0,Queenstown,F,0,teenager
772,3,0,male,0,0,Southampton,F,0,teenager
773,3,0,male,0,0,Southampton,E,0,adult
774,3,0,male,0,0,Southampton,F,0,adult
775,3,0,male,0,0,Cherbourg,F,0,young adult
776,3,0,male,0,0,Queenstown,F,0,young adult
777,3,1,male,0,0,Southampton,E,0,teenager
778,3,1,female,0,0,Southampton,E,0,young adult
779,3,0,female,0,0,Queenstown,F,0,teenager
780,3,1,female,0,0,Southampton,E,0,teenager
781,3,0,male,0,0,Cherbourg,F,0,young adult
782,3,0,male,0,0,Queenstown,F,0,senior
783,3,1,male,0,0,Southampton,F,0,teenager
784,3,0,male,1,0,Southampton,D,1,teenager
785,3,1,female,1,0,Southampton,D,1,teenager
786,3,0,male,0,0,Southampton,F,0,teenager
787,3,0,male,0,0,Southampton,F,0,teenager
788,3,0,male,0,0,Southampton,F,0,adult
789,3,0,male,0,0,Cherbourg,F,0,young adult
790,3,0,male,0,2,Cherbourg,F,2,adult
791,3,0,male,1,1,Cherbourg,F,2,teenager
792,3,0,male,1,1,Cherbourg,F,2,teenager
793,3,0,male,0,0,Southampton,F,0,adult
794,3,1,female,0,0,Southampton,E,0,toddler
795,3,0,male,0,0,Cherbourg,F,0,young adult
796,3,0,male,0,0,Southampton,D,0,adult
797,3,0,male,0,0,Queenstown,F,0,adult
798,3,1,male,0,0,Southampton,F,0,young adult
799,3,0,male,0,0,Southampton,F,0,teenager
800,3,0,female,0,0,Queenstown,F,0,young adult
801,3,0,male,0,0,Queenstown,F,0,young adult
802,3,0,male,0,0,Queenstown,F,0,young adult
803,3,0,male,0,0,Queenstown,F,0,young adult
804,3,0,male,0,0,Queenstown,F,0,young adult
805,3,1,male,0,0,Southampton,A,0,young adult
806,3,0,female,2,2,Southampton,A,3,teenager
807,3,0,female,2,2,Southampton,A,3,child
808,3,0,male,0,0,Southampton,E,0,young adult
809,3,0,male,2,2,Southampton,A,3,teenager
810,3,0,male,1,3,Southampton,A,3,teenager
811,3,0,female,1,3,Southampton,A,3,adult
812,3,0,male,0,0,Queenstown,F,0,young adult
813,3,0,male,0,0,Southampton,F,0,young adult
814,3,0,male,0,0,Queenstown,F,0,teenager
815,3,0,male,0,0,Southampton,D,0,young adult
816,3,0,male,0,0,Cherbourg,F,0,young adult
817,3,0,male,0,0,Southampton,E,0,teenager
818,3,1,female,0,0,Queenstown,F,0,teenager
819,3,1,female,0,0,Queenstown,F,0,young adult
820,3,1,male,0,2,Southampton,F,2,child
821,3,0,male,1,1,Southampton,F,2,young adult
822,3,0,male,0,0,Southampton,F,0,adult
823,3,1,female,1,1,Southampton,F,2,young adult
824,3,0,male,0,0,Southampton,F,0,adult
825,3,0,male,5,2,Southampton,B,3,child
826,3,0,male,5,2,Southampton,B,3,toddler
827,3,0,male,5,2,Southampton,B,3,child
828,3,0,female,5,2,Southampton,B,3,child
829,3,0,female,5,2,Southampton,B,3,teenager
830,3,0,male,5,2,Southampton,B,3,child
831,3,0,male,1,6,Southampton,B,3,adult
832,3,0,female,1,6,Southampton,B,3,adult
833,3,0,male,0,0,Southampton,E,0,adult
834,3,0,male,0,0,Southampton,E,0,young adult
835,3,0,male,0,0,Southampton,E,0,young adult
836,3,0,male,0,0,Southampton,G,0,teenager
837,3,0,male,2,0,Southampton,E,2,adult
838,3,0,male,2,0,Southampton,E,2,young adult
839,3,0,male,0,0,Southampton,F,0,teenager
840,3,0,female,0,0,Southampton,E,0,teenager
841,3,0,female,0,0,Queenstown,F,0,teenager
842,3,0,male,1,0,Southampton,F,1,young adult
843,3,0,male,1,0,Southampton,F,1,young adult
844,3,0,male,1,0,Southampton,D,1,young adult
845,3,1,female,1,0,Southampton,D,1,teenager
846,3,0,male,0,0,Southampton,G,0,teenager
847,3,0,male,0,0,Cherbourg,F,0,teenager
848,3,0,male,2,0,Southampton,D,2,adult
849,3,0,male,1,0,Southampton,F,1,young adult
850,3,0,male,0,0,Southampton,F,0,teenager
851,3,1,female,1,0,Southampton,D,1,adult
852,3,0,female,0,0,Southampton,F,0,young adult
853,3,0,male,0,0,Southampton,F,0,teenager
854,3,0,male,0,0,Queenstown,F,0,young adult
855,3,0,male,0,0,Cherbourg,G,0,child
856,3,1,female,0,0,Queenstown,F,0,young adult
857,3,1,male,0,0,Southampton,F,0,young adult
858,3,1,male,0,0,Southampton,A,0,young adult
859,3,0,female,0,0,Queenstown,F,0,teenager
860,3,1,female,0,0,Southampton,E,0,young adult
861,3,0,female,0,0,Southampton,E,0,teenager
862,3,1,female,0,0,Southampton,E,0,teenager
863,3,0,male,0,0,Southampton,F,0,young adult
864,3,0,female,0,0,Southampton,F,0,young adult
865,3,0,female,0,0,Queenstown,F,0,young adult
866,3,1,female,0,1,Southampton,E,1,toddler
867,3,1,female,1,1,Southampton,E,2,teenager
868,3,0,male,0,0,Southampton,F,0,adult
869,3,0,male,0,0,Southampton,F,0,young adult
870,3,1,female,0,0,Southampton,E,0,young adult
871,3,0,male,0,0,Queenstown,F,0,young adult
872,3,1,female,0,0,Southampton,E,0,young adult
873,3,0,male,0,0,Southampton,F,0,adult
874,3,1,male,0,0,Southampton,F,0,young adult
875,3,0,male,0,0,Cherbourg,F,0,young adult
876,3,0,male,0,0,Southampton,F,0,young adult
877,3,0,female,1,0,Southampton,E,1,young adult
878,3,0,female,1,0,Southampton,E,1,teenager
879,3,0,male,0,0,Southampton,F,0,young adult
880,3,1,male,0,0,Cherbourg,F,0,young adult
881,3,1,male,0,0,Southampton,F,0,teenager
882,3,0,male,0,0,Southampton,F,0,young adult
883,3,0,male,0,0,Southampton,F,0,teenager
884,3,0,male,0,0,Southampton,F,0,adult
885,3,0,male,1,0,Southampton,F,1,teenager
886,3,1,female,0,0,Queenstown,F,0,young adult
887,3,1,male,0,0,Southampton,E,0,young adult
888,3,0,male,0,0,Southampton,F,0,young adult
889,3,1,male,0,0,Southampton,F,0,young adult
890,3,0,male,0,0,Southampton,F,0,teenager
891,3,0,male,0,0,Southampton,E,0,young adult
892,3,0,male,0,0,Southampton,F,0,young adult
893,3,0,male,0,0,Southampton,F,0,young adult
894,3,1,male,1,1,Southampton,E,2,toddler
895,3,1,female,1,1,Southampton,E,2,toddler
896,3,0,male,0,0,Southampton,B,0,adult
897,3,0,male,0,0,Southampton,F,0,young adult
898,3,0,male,0,0,Southampton,B,0,teenager
899,3,1,female,0,2,Southampton,E,2,young adult
900,3,0,male,1,2,Southampton,F,3,young adult
901,3,0,female,1,2,Southampton,F,3,young adult
902,3,0,male,1,2,Southampton,F,3,young adult
903,3,0,female,1,2,Southampton,F,3,young adult
904,3,0,male,0,0,Southampton,F,0,teenager
905,3,1,male,0,0,Southampton,F,0,young adult
906,3,0,male,0,0,Southampton,F,0,young adult
907,3,0,female,1,0,Southampton,G,1,teenager
908,3,0,female,1,0,Southampton,G,1,teenager
909,3,1,male,0,0,Southampton,E,0,young adult
910,3,0,male,0,0,Southampton,F,0,teenager
911,3,0,male,0,0,Southampton,E,0,teenager
912,3,0,male,0,0,Southampton,F,0,young adult
913,3,1,male,0,0,Southampton,F,0,teenager
914,3,0,male,0,0,Southampton,F,0,young adult
915,3,0,male,0,0,Southampton,F,0,teenager
916,3,1,female,0,1,Cherbourg,D,1,toddler
917,3,1,male,0,1,Cherbourg,D,1,adult
918,3,0,male,0,0,Cherbourg,F,0,young adult
919,3,0,male,0,0,Cherbourg,F,0,teenager
920,3,0,male,0,0,Queenstown,F,0,young adult
921,3,0,male,0,0,Southampton,F,0,young adult
922,3,1,female,0,0,Queenstown,F,0,young adult
923,3,1,female,0,0,Queenstown,F,0,young adult
924,3,0,male,0,0,Queenstown,F,0,young adult
925,3,0,male,0,0,Southampton,E,0,adult
926,3,1,male,0,0,Queenstown,F,0,young adult
927,3,0,male,1,0,Cherbourg,D,1,young adult
928,3,0,female,1,0,Cherbourg,D,1,young adult
929,3,0,male,1,0,Queenstown,F,1,young adult
930,3,0,male,1,0,Queenstown,F,1,young adult
931,3,0,male,0,0,Queenstown,F,0,young adult
932,3,0,female,2,0,Southampton,E,2,teenager
933,3,0,male,2,0,Southampton,E,2,young adult
934,3,1,female,0,2,Southampton,F,2,toddler
935,3,1,male,3,1,Southampton,F,3,young adult
936,3,1,female,1,1,Southampton,F,2,young adult
937,3,0,female,1,1,Southampton,E,2,toddler
938,3,0,male,1,1,Southampton,F,2,teenager
939,3,0,female,0,2,Southampton,E,2,adult
940,3,0,male,0,0,Cherbourg,F,0,young adult
941,3,1,male,0,0,Cherbourg,F,0,teenager
942,3,0,male,0,0,Cherbourg,F,0,young adult
943,3,0,female,0,0,Southampton,G,0,adult
944,3,0,male,0,0,Southampton,F,0,young adult
945,3,1,male,0,0,Southampton,A,0,young adult
946,3,0,male,0,0,Southampton,A,0,young adult
947,3,1,female,0,0,Southampton,F,0,teenager
948,3,0,male,0,0,Queenstown,F,0,young adult
949,3,1,male,0,0,Southampton,A,0,young adult
950,3,0,male,0,0,Southampton,G,0,young adult
951,3,0,male,0,0,Southampton,F,0,young adult
952,3,0,male,0,0,Southampton,F,0,teenager
953,3,1,male,0,0,Cherbourg,F,0,teenager
954,3,0,male,3,1,Southampton,E,3,young adult
955,3,0,female,3,1,Southampton,E,3,young adult
956,3,0,female,3,1,Southampton,E,3,young adult
957,3,0,female,3,1,Southampton,E,3,young adult
958,3,0,female,0,4,Southampton,E,3,young adult
959,3,0,male,0,0,Southampton,E,0,young adult
960,3,0,male,0,0,Cherbourg,F,0,young adult
961,3,0,female,1,0,Queenstown,D,1,young adult
962,3,0,male,1,0,Queenstown,D,1,young adult
963,3,0,male,0,0,Southampton,B,0,adult
964,3,0,male,0,0,Southampton,E,0,adult
965,3,0,male,0,0,Southampton,G,0,teenager
966,3,0,female,0,0,Southampton,F,0,teenager
967,3,0,female,0,0,Southampton,F,0,adult
968,3,0,male,1,0,Southampton,D,1,adult
969,3,0,female,1,0,Southampton,D,1,young adult
970,3,1,male,1,0,Southampton,E,1,teenager
971,3,0,male,0,0,Queenstown,F,0,young adult
972,3,0,male,0,0,Southampton,A,0,young adult
973,3,0,male,0,0,Southampton,F,0,young adult
974,3,0,male,1,0,Southampton,G,1,young adult
975,3,0,female,1,0,Southampton,G,1,young adult
976,3,0,male,0,0,Southampton,F,0,young adult
977,3,0,male,0,0,Southampton,F,0,teenager
978,3,1,male,0,0,Southampton,E,0,young adult
979,3,0,male,0,0,Southampton,F,0,adult
980,3,1,female,0,0,Southampton,F,0,teenager
981,3,1,male,0,0,Southampton,F,0,young adult
982,3,0,male,0,0,Southampton,F,0,young adult
983,3,0,male,0,0,Southampton,F,0,young adult
984,3,1,female,0,0,Queenstown,F,0,young adult
985,3,1,male,0,0,Southampton,F,0,teenager
986,3,0,male,0,0,Southampton,F,0,teenager
987,3,0,female,0,0,Queenstown,F,0,young adult
988,3,0,male,0,0,Queenstown,F,0,young adult
989,3,0,male,0,0,Southampton,E,0,young adult
990,3,0,male,0,0,Southampton,E,0,young adult
991,3,1,male,0,0,Cherbourg,F,0,young adult
992,3,0,female,0,0,Queenstown,F,0,young adult
993,3,1,female,0,0,Queenstown,F,0,young adult
994,3,0,male,0,0,Cherbourg,F,0,young adult
995,3,0,male,0,0,Cherbourg,F,0,young adult
996,3,0,male,0,0,Southampton,F,0,young adult
997,3,1,female,0,0,Cherbourg,F,0,young adult
998,3,0,male,0,0,Cherbourg,F,0,young adult
999,3,1,female,0,0,Queenstown,F,0,young adult
1000,3,1,male,0,0,Queenstown,F,0,young adult
1001,3,1,female,2,0,Queenstown,F,2,young adult
1002,3,1,female,2,0,Queenstown,F,2,young adult
1003,3,1,male,2,0,Queenstown,F,2,young adult
1004,3,1,female,0,0,Queenstown,F,0,young adult
1005,3,0,male,0,0,Queenstown,D,0,young adult
1006,3,1,female,0,0,Queenstown,F,0,young adult
1007,3,1,female,0,0,Queenstown,E,0,teenager
1008,3,0,female,0,0,Queenstown,F,0,young adult
1009,3,0,male,0,0,Queenstown,F,0,young adult
1010,3,0,male,1,0,Southampton,G,1,teenager
1011,3,0,female,1,0,Southampton,G,1,teenager
1012,3,0,female,0,0,Queenstown,F,0,young adult
1013,3,0,female,0,0,Southampton,E,0,young adult
1014,3,0,female,0,0,Southampton,E,0,young adult
1015,3,0,male,0,0,Southampton,E,0,adult
1016,3,0,male,0,0,Queenstown,F,0,young adult
1017,3,1,male,0,0,Southampton,F,0,teenager
1018,3,0,male,0,0,Southampton,E,0,young adult
1019,3,0,male,0,0,Southampton,F,0,teenager
1020,3,0,male,0,0,Southampton,F,0,teenager
1021,3,0,male,0,0,Southampton,F,0,young adult
1022,3,0,male,0,0,Southampton,F,0,young adult
1023,3,1,female,0,0,Queenstown,F,0,young adult
1024,3,0,male,0,0,Southampton,F,0,teenager
1025,3,1,male,0,1,Southampton,E,1,child
1026,3,1,female,0,1,Southampton,E,1,young adult
1027,3,0,male,0,0,Southampton,E,0,young adult
1028,3,1,female,1,0,Queenstown,E,1,young adult
1029,3,0,male,1,0,Queenstown,E,1,young adult
1030,3,0,male,0,0,Queenstown,E,0,young adult
1031,3,0,male,0,0,Southampton,E,0,young adult
1032,3,0,male,0,0,Queenstown,F,0,young adult
1033,3,1,male,0,0,Southampton,F,0,young adult
1034,3,1,male,1,1,Cherbourg,D,2,young adult
1035,3,1,male,1,1,Cherbourg,D,2,young adult
1036,3,1,female,0,2,Cherbourg,D,2,young adult
1037,3,1,female,0,0,Cherbourg,F,0,young adult
1038,3,0,male,0,0,Southampton,E,0,young adult
1039,3,1,female,0,0,Queenstown,F,0,young adult
1040,3,1,female,0,0,Queenstown,F,0,teenager
1041,3,0,male,0,0,Southampton,E,0,young adult
1042,3,1,female,1,0,Queenstown,D,1,young adult
1043,3,1,female,1,0,Queenstown,D,1,young adult
1044,3,1,female,0,0,Queenstown,D,0,young adult
1045,3,0,male,0,0,Southampton,F,0,teenager
1046,3,0,male,0,0,Southampton,F,0,teenager
1047,3,1,female,0,0,Cherbourg,F,0,teenager
1048,3,1,female,0,2,Cherbourg,D,2,toddler
1049,3,1,male,1,1,Cherbourg,D,2,teenager
1050,3,1,female,1,1,Cherbourg,D,2,teenager
1051,3,0,male,0,0,Southampton,E,0,young adult
1052,3,0,male,0,0,Southampton,F,0,young adult
1053,3,0,male,0,0,Cherbourg,F,0,young adult
1054,3,0,female,0,0,Queenstown,F,0,young adult
1055,3,0,male,0,0,Southampton,F,0,young adult
1056,3,1,male,1,0,Cherbourg,E,1,child
1057,3,1,female,1,0,Cherbourg,E,1,child
1058,3,0,female,0,0,Southampton,E,0,young adult
1059,3,0,male,0,0,Southampton,E,0,young adult
1060,3,1,female,0,0,Southampton,F,0,teenager
1061,3,1,female,0,0,Southampton,F,0,young adult
1062,3,0,male,0,0,Southampton,F,0,teenager
1063,3,0,male,0,0,Southampton,F,0,adult
1064,3,1,male,0,0,Southampton,E,0,adult
1065,3,0,male,0,0,Southampton,F,0,teenager
1066,3,0,male,0,0,Cherbourg,F,0,young adult
1067,3,1,female,0,0,Southampton,F,0,teenager
1068,3,0,male,0,0,Southampton,F,0,senior
1069,3,0,male,1,0,Queenstown,D,1,young adult
1070,3,0,male,0,0,Queenstown,F,0,young adult
1071,3,1,female,1,0,Queenstown,D,1,young adult
1072,3,0,male,0,0,Queenstown,F,0,young adult
1073,3,0,male,0,0,Queenstown,F,0,young adult
1074,3,0,male,0,0,Queenstown,F,0,young adult
1075,3,0,male,0,0,Southampton,E,0,teenager
1076,3,0,female,0,0,Queenstown,F,0,young adult
1077,3,1,female,0,0,Queenstown,F,0,young adult
1078,3,1,female,0,0,Queenstown,F,0,young adult
1079,3,1,female,0,0,Southampton,F,0,teenager
1080,3,1,male,0,0,Queenstown,F,0,young adult
1081,3,1,female,0,0,Queenstown,F,0,young adult
1082,3,1,male,0,1,Southampton,B,1,child
1083,3,0,male,0,0,Southampton,F,0,young adult
1084,3,0,male,0,1,Southampton,E,1,adult
1085,3,0,male,0,0,Southampton,F,0,young adult
1086,3,0,female,0,0,Southampton,F,0,young adult
1087,3,0,male,0,0,Southampton,F,0,young adult
1088,3,1,male,0,0,Southampton,F,0,young adult
1089,3,0,male,0,0,Southampton,E,0,teenager
1090,3,0,female,0,0,Southampton,E,0,teenager
1091,3,0,female,0,0,Southampton,E,0,teenager
1092,3,0,male,0,0,Southampton,E,0,teenager
1093,3,0,male,0,0,Southampton,E,0,teenager
1094,3,1,female,0,0,Southampton,E,0,young adult
1095,3,0,female,0,0,Queenstown,F,0,young adult
1096,3,0,male,3,1,Southampton,F,3,toddler
1097,3,0,male,3,1,Southampton,F,3,child
1098,3,0,female,3,1,Southampton,F,3,toddler
1099,3,0,female,3,1,Southampton,F,3,child
1100,3,0,female,0,4,Southampton,F,3,young adult
1101,3,0,male,4,1,Southampton,A,3,toddler
1102,3,0,male,4,1,Southampton,A,3,child
1103,3,0,male,4,1,Southampton,A,3,toddler
1104,3,0,male,4,1,Southampton,A,3,teenager
1105,3,0,male,4,1,Southampton,A,3,child
1106,3,0,female,0,5,Southampton,A,3,adult
1107,3,0,male,0,0,Southampton,E,0,teenager
1108,3,0,male,0,0,Southampton,D,0,teenager
1109,3,0,male,0,0,Cherbourg,E,0,young adult
1110,3,0,male,0,0,Southampton,F,0,young adult
1111,3,0,male,1,1,Southampton,D,2,toddler
1112,3,0,female,1,1,Southampton,D,2,toddler
1113,3,0,female,0,2,Southampton,D,2,young adult
1114,3,0,male,0,0,Southampton,F,0,young adult
1115,3,0,male,0,0,Southampton,F,0,young adult
1116,3,0,male,0,0,Southampton,E,0,young adult
1117,3,0,male,0,0,Southampton,E,0,teenager
1118,3,0,male,0,0,Southampton,E,0,teenager
1119,3,0,male,0,0,Southampton,F,0,teenager
1120,3,1,male,1,0,Southampton,F,1,teenager
1121,3,1,male,1,1,Cherbourg,F,2,young adult
1122,3,1,female,1,1,Cherbourg,F,2,young adult
1123,3,1,female,0,2,Cherbourg,F,2,young adult
1124,3,0,female,0,0,Queenstown,E,0,young adult
1125,3,0,male,0,0,Southampton,E,0,teenager
1126,3,0,female,0,0,Southampton,F,0,young adult
1127,3,0,male,0,0,Southampton,F,0,teenager
1128,3,0,male,0,0,Southampton,F,0,young adult
1129,3,0,male,1,0,Southampton,F,1,teenager
1130,3,0,female,0,0,Southampton,F,0,teenager
1131,3,1,male,0,0,Southampton,E,0,young adult
1132,3,0,male,0,0,Southampton,F,0,young adult
1133,3,0,male,0,0,Southampton,E,0,teenager
1134,3,0,male,0,0,Southampton,E,0,teenager
1135,3,0,male,0,0,Southampton,F,0,young adult
1136,3,0,female,0,0,Southampton,E,0,young adult
1137,3,0,male,0,0,Cherbourg,F,0,young adult
1138,3,0,male,0,0,Southampton,F,0,young adult
1139,3,0,male,0,0,Southampton,F,0,adult
1140,3,0,male,0,0,Southampton,E,0,teenager
1141,3,0,male,4,1,Queenstown,C,3,child
1142,3,0,male,4,1,Queenstown,C,3,toddler
1143,3,0,male,4,1,Queenstown,C,3,child
1144,3,0,male,4,1,Queenstown,C,3,toddler
1145,3,0,male,4,1,Queenstown,C,3,child
1146,3,0,female,0,5,Queenstown,C,3,adult
1147,3,0,female,0,0,Southampton,A,0,teenager
1148,3,0,male,0,0,Southampton,F,0,young adult
1149,3,1,female,0,0,Queenstown,F,0,young adult
1150,3,0,male,0,0,Southampton,D,0,young adult
1151,3,0,female,0,0,Southampton,D,0,young adult
1152,3,0,male,1,0,Southampton,D,1,adult
1153,3,0,female,1,0,Southampton,D,1,adult
1154,3,0,male,0,0,Southampton,E,0,young adult
1155,3,0,male,0,0,Southampton,F,0,young adult
1156,3,0,female,1,1,Southampton,F,2,toddler
1157,3,0,male,1,1,Southampton,F,2,teenager
1158,3,0,female,0,2,Southampton,F,2,adult
1159,3,1,female,0,0,Southampton,E,0,young adult
1160,3,0,male,0,0,Southampton,E,0,adult
1161,3,0,male,0,0,Southampton,E,0,teenager
1162,3,1,male,0,0,Queenstown,F,0,young adult
1163,3,0,male,0,0,Queenstown,E,0,young adult
1164,3,0,male,0,0,Cherbourg,F,0,young adult
1165,3,0,male,0,0,Cherbourg,F,0,teenager
1166,3,0,male,0,0,Cherbourg,F,0,young adult
1167,3,0,male,0,0,Queenstown,F,0,young adult
1168,3,0,male,0,0,Southampton,F,0,young adult
1169,3,0,male,0,0,Southampton,F,0,adult
1170,3,0,male,8,2,Southampton,B,3,young adult
1171,3,0,male,8,2,Southampton,B,3,teenager
1172,3,0,female,8,2,Southampton,B,3,young adult
1173,3,0,female,8,2,Southampton,B,3,young adult
1174,3,0,female,8,2,Southampton,B,3,young adult
1175,3,0,female,8,2,Southampton,B,3,young adult
1176,3,0,male,8,2,Southampton,B,3,young adult
1177,3,0,male,8,2,Southampton,B,3,young adult
1178,3,0,male,8,2,Southampton,B,3,young adult
1179,3,0,male,1,9,Southampton,B,3,young adult
1180,3,0,female,1,9,Southampton,B,3,young adult
1181,3,0,male,0,0,Southampton,G,0,teenager
1182,3,1,female,0,0,Southampton,F,0,teenager
1183,3,0,male,0,0,Southampton,E,0,adult
1184,3,0,male,2,0,Cherbourg,F,2,young adult
1185,3,0,male,2,0,Cherbourg,F,2,young adult
1186,3,0,male,2,0,Cherbourg,F,2,young adult
1187,3,1,female,1,1,Southampton,G,2,toddler
1188,3,1,female,0,2,Southampton,G,2,teenager
1189,3,1,female,1,1,Southampton,G,2,toddler
1190,3,1,male,0,0,Southampton,G,0,teenager
1191,3,0,male,0,0,Southampton,E,0,teenager
1192,3,0,male,0,0,Southampton,E,0,teenager
1193,3,0,male,0,0,Queenstown,F,0,young adult
1194,3,0,male,0,0,Southampton,F,0,young adult
1195,3,0,male,0,0,Queenstown,F,0,young adult
1196,3,1,male,0,0,Southampton,G,0,young adult
1197,3,0,male,0,0,Southampton,D,0,young adult
1198,3,1,female,0,0,Queenstown,F,0,young adult
1199,3,0,male,0,0,Southampton,E,0,young adult
1200,3,0,male,0,0,Southampton,E,0,young adult
1201,3,0,male,0,0,Cherbourg,F,0,teenager
1202,3,0,male,0,0,Southampton,E,0,young adult
1203,3,0,male,0,0,Southampton,F,0,adult
1204,3,0,male,0,0,Southampton,E,0,teenager
1205,3,1,female,0,0,Southampton,F,0,teenager
1206,3,0,male,3,2,Southampton,C,3,toddler
1207,3,0,male,3,2,Southampton,C,3,child
1208,3,0,female,3,2,Southampton,C,3,child
1209,3,0,female,3,2,Southampton,C,3,toddler
1210,3,0,male,1,4,Southampton,C,3,adult
1211,3,0,female,1,4,Southampton,C,3,adult
1212,3,0,male,0,0,Southampton,F,0,young adult
1213,3,0,male,0,0,Southampton,E,0,young adult
1214,3,0,male,0,0,Southampton,E,0,young adult
1215,3,0,male,0,0,Queenstown,F,0,young adult
1216,3,1,female,0,0,Queenstown,F,0,young adult
1217,3,0,male,0,0,Southampton,F,0,teenager
1218,3,0,male,0,0,Southampton,E,0,young adult
1219,3,0,male,0,0,Southampton,E,0,young adult
1220,3,0,male,0,0,Southampton,E,0,young adult
1221,3,0,male,0,0,Southampton,F,0,young adult
1222,3,0,male,0,0,Cherbourg,E,0,young adult
1223,3,1,female,0,0,Southampton,F,0,teenager
1224,3,0,male,0,0,Southampton,E,0,teenager
1225,3,0,male,0,0,Southampton,F,0,senior
1226,3,0,male,0,0,Southampton,F,0,teenager
1227,3,0,female,0,0,Southampton,G,0,teenager
1228,3,1,male,0,0,Southampton,E,0,young adult
1229,3,0,male,0,0,Southampton,E,0,young adult
1230,3,0,female,0,1,Southampton,G,1,toddler
1231,3,0,female,1,1,Southampton,G,2,young adult
1232,3,1,male,0,0,Southampton,E,0,teenager
1233,3,1,male,0,0,Southampton,E,0,adult
1234,3,0,male,0,0,Southampton,F,0,teenager
1235,3,0,male,0,0,Southampton,F,0,senior
1236,3,1,male,0,0,Southampton,E,0,child
1237,3,0,male,0,0,Southampton,F,0,teenager
1238,3,1,male,0,0,Southampton,F,0,teenager
1239,3,0,male,0,0,Southampton,E,0,young adult
1240,3,1,male,0,1,Cherbourg,E,1,toddler
1241,3,0,male,1,0,Cherbourg,F,1,young adult
1242,3,0,male,0,0,Cherbourg,F,0,young adult
1243,3,0,male,0,0,Cherbourg,F,0,young adult
1244,3,1,female,1,1,Cherbourg,E,2,teenager
1245,3,0,male,0,0,Southampton,E,0,young adult
1246,3,0,male,1,0,Southampton,G,1,young adult
1247,3,1,female,1,0,Southampton,G,1,young adult
1248,3,0,male,0,0,Southampton,E,0,young adult
1249,3,0,male,0,0,Queenstown,F,0,young adult
1250,3,0,male,0,0,Southampton,F,0,young adult
1251,3,0,male,0,0,Southampton,E,0,young adult
1252,3,0,male,0,0,Southampton,E,0,adult
1253,3,0,male,0,0,Cherbourg,F,0,young adult
1254,3,1,male,0,0,Southampton,B,0,teenager
1255,3,0,male,0,0,Cherbourg,F,0,young adult
1256,3,1,male,1,1,Cherbourg,D,2,child
1257,3,1,female,1,1,Cherbourg,D,2,child
1258,3,1,female,0,2,Cherbourg,D,2,young adult
1259,3,0,male,0,0,Southampton,F,0,adult
1260,3,1,female,0,0,Southampton,G,0,teenager
1261,3,1,female,0,0,Southampton,G,0,senior
1262,3,0,male,1,1,Southampton,D,2,young adult
1263,3,0,male,1,1,Southampton,D,2,child
1264,3,0,male,0,2,Southampton,D,2,adult
1265,3,0,female,0,2,Southampton,E,2,child
1266,3,0,male,1,1,Southampton,E,2,adult
1267,3,0,female,1,1,Southampton,E,2,young adult
1268,3,0,male,0,0,Southampton,G,0,young adult
1269,3,0,male,0,0,Southampton,G,0,young adult
1270,3,0,male,0,0,Southampton,G,0,young adult
1271,3,0,male,0,0,Southampton,G,0,young adult
1272,3,0,male,0,0,Southampton,E,0,adult
1273,3,0,female,2,0,Southampton,G,2,teenager
1274,3,0,male,3,0,Southampton,G,3,young adult
1275,3,0,male,2,0,Southampton,G,2,teenager
1276,3,0,female,1,0,Southampton,G,1,young adult
1277,3,1,male,0,0,Cherbourg,F,0,teenager
1278,3,0,male,0,0,Southampton,F,0,teenager
1279,3,0,female,0,0,Southampton,F,0,child
1280,3,0,male,0,0,Southampton,F,0,teenager
1281,3,0,male,0,0,Southampton,E,0,teenager
1282,3,0,male,0,0,Southampton,E,0,young adult
1283,3,0,male,0,0,Southampton,F,0,young adult
1284,3,0,male,0,0,Southampton,E,0,young adult
1285,3,0,male,0,0,Southampton,G,0,young adult
1286,3,1,female,0,0,Cherbourg,F,0,adult
1287,3,0,male,0,0,Southampton,F,0,adult
1288,3,0,male,1,0,Southampton,F,1,teenager
1289,3,0,male,1,0,Southampton,F,1,teenager
1290,3,1,female,1,0,Southampton,F,1,adult
1291,3,0,male,0,0,Southampton,E,0,young adult
1292,3,0,male,0,0,Southampton,F,0,young adult
1293,3,0,male,0,0,Southampton,E,0,young adult
1294,3,0,male,0,0,Southampton,G,0,young adult
1295,3,0,male,0,0,Southampton,F,0,teenager
1296,3,0,male,0,0,Southampton,E,0,young adult
1297,3,0,male,0,0,Southampton,F,0,young adult
1298,3,0,male,0,0,Southampton,G,0,adult
1299,3,0,male,1,0,Cherbourg,D,1,young adult
1300,3,1,female,1,0,Cherbourg,D,1,teenager
1301,3,0,male,0,0,Cherbourg,F,0,adult
1302,3,0,male,0,0,Cherbourg,F,0,young adult
1303,3,0,male,0,0,Cherbourg,D,0,young adult
1304,3,0,female,1,0,Cherbourg,D,1,teenager
1305,3,0,female,1,0,Cherbourg,D,1,young adult
1306,3,0,male,0,0,Cherbourg,F,0,young adult
1307,3,0,male,0,0,Cherbourg,F,0,young adult
1308,3,0,male,0,0,Southampton,F,0,young adult
